{
   "Comment": "Model_Names: ['basic_p1:v1', 'basic_p2:v1', 'basic_p3:v1', 'basic_p4:v1', 'basic_p5:v1', 'basic_p6:v1', 'basic_p7:v1', 'basic_p8:v1', 'basic_p9:v1', 'basic_p10:v1'] | Applied Parameters from ./experiments/experiment1_temperature.json | Settings: {'temperature': 0.8, 'repeat_penalty': 1.1, 'top_k': 40, 'top_p': 0.9}",
   "Profile Similarity": {
      "basic_p1:v1": 0.9375,
      "basic_p2:v1": 0.85,
      "basic_p3:v1": 0.9375,
      "basic_p4:v1": 0.9375,
      "basic_p5:v1": 0.85,
      "basic_p6:v1": 0.75,
      "basic_p7:v1": 0.9375,
      "basic_p8:v1": 0.9375,
      "basic_p9:v1": 0.85,
      "basic_p10:v1": 0.9375
   },
   "Std by Item": [
      0.45825756949558405,
      0.8717797887081347,
      0.6,
      0.6403124237432849,
      1.7320508075688772,
      0.8717797887081347,
      1.1874342087037917,
      0.3,
      0.39999999999999997,
      0.39999999999999997,
      0.39999999999999997,
      0.0,
      0.3,
      0.39999999999999997,
      0.45825756949558405,
      0.45825756949558405,
      0.0
   ],
   "Entropy by Item": [
      0.8812908992306927,
      1.7609640474436814,
      1.295461844238322,
      1.360964047443681,
      2.246439344671016,
      1.7609640474436814,
      1.8954618442383218,
      0.46899559358928117,
      0.7219280948873623,
      0.7219280948873623,
      0.7219280948873623,
      0.0,
      0.46899559358928117,
      0.7219280948873623,
      0.8812908992306927,
      0.8812908992306927,
      0.0
   ],
   "CF Effect by Item": {
      "Floor Ratios": [
         0.7,
         0.2,
         0.0,
         0.4,
         0.2,
         0.2,
         0.1,
         0.9,
         0.0,
         0.0,
         0.0,
         0.0,
         0.0,
         0.0,
         0.0,
         0.0,
         0.0
      ],
      "Ceil Ratios": [
         0.0,
         0.0,
         0.0,
         0.0,
         0.2,
         0.0,
         0.3,
         0.0,
         0.0,
         0.0,
         0.0,
         0.0,
         0.0,
         0.0,
         0.0,
         0.0,
         0.0
      ]
   },
   "Std by Person": [
      1.1314931800983143,
      1.0289915108550531,
      1.2310852668503736,
      1.1616716269489116,
      1.3258150199511347,
      1.097338712128096,
      1.0356951095093536,
      1.0356951095093534,
      1.1616716269489116,
      1.1616716269489116
   ],
   "Entropy by Person": [
      1.901506402501506,
      1.8512268158971918,
      1.9986525468781668,
      1.9986525468781668,
      1.9688738747207215,
      1.9328045775391227,
      1.95424739969208,
      1.569307823181296,
      1.7322216637616483,
      1.836600340868551
   ],
   "CF Effect by Person": {
      "Floor Ratios": [
         0.17647058823529413,
         0.11764705882352941,
         0.17647058823529413,
         0.11764705882352941,
         0.17647058823529413,
         0.17647058823529413,
         0.23529411764705882,
         0.058823529411764705,
         0.17647058823529413,
         0.17647058823529413
      ],
      "Ceil Ratios": [
         0.0,
         0.0,
         0.058823529411764705,
         0.058823529411764705,
         0.11764705882352941,
         0.0,
         0.0,
         0.058823529411764705,
         0.0,
         0.0
      ]
   },
   "Response Consistency": {
      "overall_avg_within_corr": 0.8472041832132343,
      "overall_avg_opposite_corr": 0.2182178902359924
   }
}